,Title,Post Text,ID,Score,Total Comments,Post URL
0,Grad-level courses as CS undergrad,Do people in the later stages of their undergrad often take a 700+ level CS course? Heard some people talking about it and I'm curious as to how common/doable/worthwhile it really is.,s73fio,3,0,https://www.reddit.com/r/UWMadison/comments/s73fio/gradlevel_courses_as_cs_undergrad/
1,How is CS537 useful?,"I am taking OS next sem but upon reading the syllabus idk how useful it'll be for someone like me (interested in full stack dev). Personally, I wanted to take CS564 instead. But people say 537 makes you a better programmer. Thoughts?",s6cvp1,3,1,https://www.reddit.com/r/UWMadison/comments/s6cvp1/how_is_cs537_useful/
2,Why does the enrollment of the CS department monotonically increase?,"One would expect the department to have kids fully declare by the end of the second year or so, and the enrollment size should remain steady for the 3rd and 4th years right?  This document is here:  [https://uwmadison.app.box.com/s/ydht2incbdmw1lhpjg5t40adguc0fm14](https://uwmadison.app.box.com/s/ydht2incbdmw1lhpjg5t40adguc0fm14)   Here is the snippet I am talking about. Please see the first 4 columns with numbers on them -- last row:  

https://preview.redd.it/8pkl2m9e5ac81.png?width=1817&format=png&auto=webp&s=238f3f44f301a0186e8734b71fa1b63c6f4bb640",s68wso,23,18,https://www.reddit.com/r/UWMadison/comments/s68wso/why_does_the_enrollment_of_the_cs_department/
3,Does CS 300 review the material covered in CS 200?,I know for a fact that over winter break I‚Äôve forgotten everything I studied in CS 200. Does CS 300 review the material covered in 200 or should I be studying my notes for 200 again?,s5ixoj,9,7,https://www.reddit.com/r/UWMadison/comments/s5ixoj/does_cs_300_review_the_material_covered_in_cs_200/
4,"Already took CS 320, should I take STAT 451 or CS 540 next?","My friend (who took CS 320 and probably CS 540) said she didn't get much from STAT 451, so I'm a bit hesitant.",s4ca7q,5,2,https://www.reddit.com/r/UWMadison/comments/s4ca7q/already_took_cs_320_should_i_take_stat_451_or_cs/
5,CS&D 202,Anyone take CS&D 202 with Niziolek? Thoughts on the class?,s4562t,5,0,https://www.reddit.com/r/UWMadison/comments/s4562t/csd_202/
6,Asian 236 and CS 240,"Hi, I'm enrolled in CS 240 and Asian 236 for the upcoming semester, and I just wanted to know which breadth requirements they satisfy. I've run a DARS audit and still couldn't understand whether these two courses would be helpful for me or not (I'm a CS major btw).  


Thanks!",s37glt,2,4,https://www.reddit.com/r/UWMadison/comments/s37glt/asian_236_and_cs_240/
7,CS Hardware/Software Course recommendation (CS 536/537/564),"Due to the increased enrollment plus staff shortage, Im expecting the CS enrollment to get worse (No surprise here). I only have 3 semesters left (including this spring sem) and thanks to the asynchronous summer courses, I will only have to take 2 more cs courses in my final year. The problem is they are all Hardware/Software courses which means my only option would be to take two of these three courses (536/537/564). 

Ideally, I wanted to take 506 + 538 but I doubt they will be offered at all at this point. I think CS 407, 506, 538, 542 will not be offered anymore due to not enough professors just like this semester, so for most of us, CS 536, 537, and 564 will be the only option for hardware/software electives. 

My question is, which one should I take? 

What is the workload for like for both of these 3 courses and how difficult was it? Im not trying to avoid rigor but I was wondering if taking two of these courses in one semester is doable since I want to go to school part-time in my last semester. What is considered the easiest and the hardest out of these three courses? 

Also, I did just okay in CS 354. Would I survive 537? (I struggled with the 3rd project- best fit placement policy) . How many lines of code/ how many hours did you put in for 537 projects? I think taking 537 would definitely be the most beneficial class for my future career, but at the same time, I don't want to end up just working on 537 while my grades are slipping in other classes.",s2ejkl,6,8,https://www.reddit.com/r/UWMadison/comments/s2ejkl/cs_hardwaresoftware_course_recommendation_cs/
8,"Course Load-CS 240, Math 340, CS 354, and another easy class","Is this a doable workload? By the way, I am taking 354 with Doescher.",s1toc1,2,5,https://www.reddit.com/r/UWMadison/comments/s1toc1/course_loadcs_240_math_340_cs_354_and_another/
9,CS + CMPE Graduation,What are the extra classes I need to take to graduate with two degrees from Madison (assuming I follow the 4-year plans)?,s15sb5,0,4,https://www.reddit.com/r/UWMadison/comments/s15sb5/cs_cmpe_graduation/
10,CS and Medical Imaging,"I have a question for CS and medical students/residents:

As a CS student, how can I get more experience with medical imaging?  My goals at this point are somewhat nonspecific (research? industry?), but I would like to learn much more about applying the principles of courses like ECE533 (Image Processing) and CS540 (Artificial Intelligence) to medical imaging.",s12rb6,2,4,https://www.reddit.com/r/UWMadison/comments/s12rb6/cs_and_medical_imaging/
11,Fall 2022 Admits - MS CS,"Dear community,

When can one expect the admission results for MS CS Fall 2022. Any clue about this?

Thank you!",s0dern,3,2,https://www.reddit.com/r/UWMadison/comments/s0dern/fall_2022_admits_ms_cs/
12,CS537 Summer Term 2022,"Hey Badgers,

I am looking to do CS537 in the coming summer and it looks like it will be with Yuvraj Patel. Since I am also planning on simultaneously doing a full-time Software Engineering internship this summer, I was hoping to take the aid of this subreddit to gage how screwed or not screwed (hopefully) I am for this class. My aim is to just getting a passing grade at the bare minimum.

For anyone who has taken this class before in the summer, I am wondering how the workload is like. I would appreciate if you have a rough estimate for hours required weekly to do ok in the course. In addition, it'd be great to know how the curve is. Finally, I appreciate if you could let me know about any resources I can take advantage of to understand this class. 

Thanks!",s09l3d,5,8,https://www.reddit.com/r/UWMadison/comments/s09l3d/cs537_summer_term_2022/
13,CS 300 vs ME 231,"I‚Äôm currently a freshman wanting to declare for a certificate in computer science. Should I take ME 231 and progress into ME first before taking CS300? Or should I take CS300 in place of ME 231 this upcoming semester? I was told by my advisor both courses count towards progression.

Also, in general how‚Äôs the workload/difficulty in CS300 vs ME 231?

(I also already took CS 220, if that makes any difference)",ryi8sb,6,2,https://www.reddit.com/r/UWMadison/comments/ryi8sb/cs_300_vs_me_231/
14,Are CS 354 and/or Stat 324 recorded?,With Michael Culbertson and Michael Doescher respectively,rsys0j,4,5,https://www.reddit.com/r/UWMadison/comments/rsys0j/are_cs_354_andor_stat_324_recorded/
15,CS 559 vs CS 540,"I'm currently enrolled in both and looking to drop one. It's my last semester and going to be my only class besides cs570. As you can see, I'm just looking to graduate at this point. Which course would be best for something interesting but doesn't make me want to die (such as OS, Algos, etc). I'm in Sharon Li's 540 and Michael Gleicher's CS 559. Please be realistic about workload thank u :)",rsdnc3,8,9,https://www.reddit.com/r/UWMadison/comments/rsdnc3/cs_559_vs_cs_540/
16,CS 220,"I've already taken CS 200, 300, and 400, and so I feel very confident about Java. Should I take CS 220? Its a 4 credit class and is really limiting to my schedule this semester, but I also would like to learn Python. Given my Java knowledge, would it be easy enough to learn Python on my own or would the class be worth it?",rqv0xq,10,16,https://www.reddit.com/r/UWMadison/comments/rqv0xq/cs_220/
17,Curious to hear peoples thoughts on CS571 this semester and how it went for you,,rq3zgk,20,2,https://www.reddit.com/r/UWMadison/comments/rq3zgk/curious_to_hear_peoples_thoughts_on_cs571_this/
18,Jim/James Skretny CS252 Recorded Lectures. Does anyone have them?,I heard he deletes his lectures but I was wondering if anyone has them recorded I would like to have a head start thank you!,rq30nj,8,9,https://www.reddit.com/r/UWMadison/comments/rq30nj/jimjames_skretny_cs252_recorded_lectures_does/
19,CS577 Advice,I will be taking CS577 next semester with Marc Renault. Any advice on how to prepare for the course? Thank you.,rpfmjn,19,9,https://www.reddit.com/r/UWMadison/comments/rpfmjn/cs577_advice/
20,Full-Time CS Job as Student,"Can any CS graduate students or undergraduate students advise me on how to find a full-time coding job while studying?

It seems like the pandemic really opened up a window of opportunity in CS, and grad students don't have to rely on being TAs so long as they're citizens or green card holders. 

Does anyone currently have a full-time job in CS?",rp9v7e,17,11,https://www.reddit.com/r/UWMadison/comments/rp9v7e/fulltime_cs_job_as_student/
21,Curve applied in CS354?,"I just woke up today and checked my grade in this course. My raw score on Canvas was a 92.3%, when the cutoff for an A was a 93. We received an email from Mike saying that there was a curve that still needed to be applied, however, this morning my final grade in UW Student Center was an AB. I have a few questions: firstly, is this my final grade or is there a chance that this curve hasn't been applied? Second, is it reasonable that a curve applied in a course would raise my score >0.7%? Lastly, am I in any position to reach out to my professor with questions? 

&#x200B;

I know there have been many posts about this course on this sub, please reach out if you have any advice! Thanks!",rowv79,14,7,https://www.reddit.com/r/UWMadison/comments/rowv79/curve_applied_in_cs354/
22,"I am taking ECE532, ECE352, ECE210, ECE 219, PHYSICS 201, MATH240 in spring how much time do I have to spend?",,rn5iwq,0,10,https://www.reddit.com/r/UWMadison/comments/rn5iwq/i_am_taking_ece532_ece352_ece210_ece_219_physics/
23,CHEM343 PHYSICS201 CALC222 ECE252 ECE210 Spring Freshman Year?,Is this workload possible? I don't know what I want to do in the future so I decided to just click buttons and sign up for classes.,rn4r5k,0,8,https://www.reddit.com/r/UWMadison/comments/rn4r5k/chem343_physics201_calc222_ece252_ece210_spring/
24,"Dear Michael Doescher (CS354), thank you for screwing me in my other coursework.","**TL;DR:** Michael Doescher's CS354 has been an unorganized [üí©](https://emojipedia.org/pile-of-poo/) pile of a course in which he is unreachable and doesn't actually take any feedback.

\_\_\_\_\_\_\_\_\_\_\_\_\_\_\_\_\_\_\_\_\_\_\_\_\_\_\_\_\_\_\_\_\_\_\_\_\_\_\_\_\_\_\_\_\_\_\_\_\_\_\_\_\_\_\_\_\_\_\_\_\_\_\_\_\_\_\_\_\_\_\_\_\_\_\_\_\_\_\_\_\_\_\_\_\_\_\_\_\_\_\_\_\_\_\_\_\_\_\_\_\_\_\_\_\_

I have spent so much time over the past 3 weeks completing all your untimely projects and quizzes, way more than I have spent in any of my other courses in that time. **Being AFK from Piazza and email communication the entire semester is not made up by the occasional 1,000 word email** (*your 12/17 email was actually 1019 words*) where you dump everything that you should have been communicating in pace with the lecture content.

Additionally, you ask for feedback on the course all the time, which is great. However, it is abundantly clear you do not take any of it into consideration. When I talk to people who took this course last Spring, they tell me you were dealing the same [üí©](https://emojipedia.org/pile-of-poo/). In your email communication, you have told us you have

>received **more than 1000 emails** during the past six days

and

>During the past few days, I have received many emails with suggestions about the workload during the last week of class. And I talked with many students during office hours this week. First, I want to thank everyone who took the time to write and offer advice, constructive criticism, or express their frustration.  All of that feedback is valuable, and I use these insights to make the class better for you and future students.¬†  
>  
>The majority of suggestions center around changing the points or weighting of P5. The most common request was to make P5 worth 50 points instead of 150. Other common suggestions were to drop one project, grant the maximum score on one project, or make P5 optional.  
>  
>At this point, I am not changing the weighting of the projects, dropping a project, or changing the grading.  That would lead to more confusion for everyone.  However, I will consider the workload and timing of P5 when I adjust the grading scale.¬†

# Please offer more points of consideration in the comments if you would like to add anything

Point 1: If you receive 1000+ emails in <1 week, **you are having communication issues**. I have emailed you before for advice/assistance, and it took me a follow-up email and >3 weeks for a response (which was useless considering my question was about an assignment that was due before you got back to me). Based on the # of people reaching out to you, I know I am not alone in this camp.

Point 2:  After talking with students who have taken this course before with you, **these poor teaching habits seem to have become a pattern**. Given that you asked for feedback from students in previous semesters, I wonder how much of it you read through. It also seems that students have readily given you feedback this semester, which also appears to have been useless.

Point 3: Alas, the point that has been made in several other posts in this sub (and on Piazza). **You have objectively backloaded the McF\*\*\* out of this course**. In your email communication, you talk about how we should expect 9 hours of work outside of class (which makes sense per the university credit hours description), however, we were not prepared for the change of pace you unloaded on us in the last month. I had been very up to date at the start of the semester, and I developed a good balance between these course requirements and my other courses, job, and social life. Then all of a sudden you decided it was time to drastically change the coursework expectations in December. How we can have 1 project in the first month and then 3 projects and a take-home final in the final 3 weeks makes no sense. You mentioned in an email,

>The end of the semester is a hectic time of year, and I would be happy to discuss strategies to catch up.¬†

But you did not mention that YOU were the one that would be the cause of the frenzy.

.

.

.

Point N: To be Continued...

\_\_\_\_\_\_\_\_\_\_\_\_\_\_\_\_\_\_\_\_\_\_\_\_\_\_\_\_\_\_\_\_\_\_\_\_\_\_\_\_\_\_\_\_\_\_\_\_\_\_\_\_\_\_\_\_\_\_\_\_\_\_\_\_\_\_\_\_\_\_\_\_\_\_\_\_\_\_\_\_\_\_\_\_\_\_\_\_\_\_\_\_\_\_\_\_\_\_\_\_

[**RateMyProfessor -> Michael Doescher**](https://www.ratemyprofessors.com/ShowRatings.jsp?tid=2593156)

***Another relevant Reddit post:*** [CS354 with Michael Doescher](https://www.reddit.com/r/UWMadison/comments/rebbu0/cs354_with_michael_doescher/)

***Relevant comments from said Reddit post:***

1. Via u/[draconabraxas](https://www.reddit.com/user/draconabraxas/)

>I took cs354 with michael doescher last semester and had to drop it last minute (after getting it approved by the dean btw) because he did this exact thing to my class last semester. he assigned multiple projects in the last few weeks of APRIL!!!!! I was taking algorithms at the time and mentally could not handle the number of projects he assigned when I was busy studying for my algorithms final. students complained and his response was just ""please don't send me mean emails :((((""  
>  
>he's a complete joke of a professor. I'm taking cs354 with deb deppeler and while her lectures are a bit hard to understand sometimes, she DOES HER JOB!! she gives us two weeks to do every project and assigns everything in a timely manner. DO NOT TAKE CS354 WITH MICHAEL DOESCHER!!!!! Take it with deb instead!!!

2.  Via u/nwi210

>Yeah, mike is definitely a nice guy but his class is awful time management wise, he dumps lots of work in the last week of class, or at least he did over summer.

3. Via u/[AltruisticRoom7623](https://www.reddit.com/user/AltruisticRoom7623/)

>i‚Äôm also in 354 currently with Doescher, and i agree that the way our projects have been released is ridiculous. we shouldn‚Äôt be punished for something out of our control, especially with finals. although some may claim it‚Äôs not that big of a deal since ‚Äúthey aren‚Äôt too hard‚Äù, it is dismissive to many students who have other classes that are rigorous as well.

&#x200B;",rm7peo,144,30,https://www.reddit.com/r/UWMadison/comments/rm7peo/dear_michael_doescher_cs354_thank_you_for/
25,CS200 Spring 2022 Groupchat,"For anyone enrolled or planning to enroll in CS200...I'm thinking of making a groupchat (GroupMe, Discord, Whatsapp etc...whatever works for ya'll best just let me know).",rlucaj,4,1,https://www.reddit.com/r/UWMadison/comments/rlucaj/cs200_spring_2022_groupchat/
26,Should I put school projects on my resume for CS internship?,I'm a CS major and am applying for internships right now. Is it worth it to put projects that I have done in CS classes on my resume?,rl7deq,8,6,https://www.reddit.com/r/UWMadison/comments/rl7deq/should_i_put_school_projects_on_my_resume_for_cs/
27,CS400 Final,How do you all think the exam went?,rkx7z9,12,1,https://www.reddit.com/r/UWMadison/comments/rkx7z9/cs400_final/
28,"Does anyone have experience with MED PHYS/PHYSICS 265 ""Introduction to Medical Physics""?","Hi all,

I have a pretty strong physics background, but I'm not sure if this class is even physics based. Can someone tell me what the class is like? Is it easy? How much work per week is it?

Thanks!",rjzrm0,8,3,https://www.reddit.com/r/UWMadison/comments/rjzrm0/does_anyone_have_experience_with_med_physphysics/
29,Deppeler CS 354 Capstone,"I'm curious about Debra Deppeler's CS 354 class. Judging by comments I've seen here, it seems her lecture section is the way to go. But when I try to enroll in it, I see that you must be enrolled in the CS Professional Capstone to join it. Is this new, or is this just something that is a ""requirement""?",rj0u8q,5,2,https://www.reddit.com/r/UWMadison/comments/rj0u8q/deppeler_cs_354_capstone/
30,"Can a student who is directly applying out of undergrad (i.e. no full-time work experience yet, just internships) get into the professional MS CS at UW Madison? I am an international student",,rh1uie,8,3,https://www.reddit.com/r/UWMadison/comments/rh1uie/can_a_student_who_is_directly_applying_out_of/
31,CS536 Grading,"Kind of annoyed that the final is in a few days and a project that we turned in at the beginning of November isn‚Äôt graded yet. 

Would be nice to even a clue as to how I‚Äôm doing in the class, but looks like we won‚Äôt know until after the last project & final are done. I know I can estimate it from how complete my P4 & P5 were, but there‚Äôs always something my partner and I could have missed that would lose us points unexpectedly. 

Gonna be interesting to see how they manage to grade two projects in *at most* a week and a half considering they‚Äôve been taking about a month+ to grade P3 & P4 each (assuming they haven‚Äôt started grading P5 since P4 is not graded and released). 

Been a good course so far, just very annoyed with the time they‚Äôve taken to get grades back to us as well as the instructions for each project, which can be kinda vague at times.",rgnvgn,7,3,https://www.reddit.com/r/UWMadison/comments/rgnvgn/cs536_grading/
32,CS 577 Final - Professor Marc,What do you guys think the curve will be for Professor Marc's class? I'm really nervous!,rfj8sj,10,1,https://www.reddit.com/r/UWMadison/comments/rfj8sj/cs_577_final_professor_marc/
33,Best CS courses to take for the certificate if looking to become a developer,,rf8brn,3,2,https://www.reddit.com/r/UWMadison/comments/rf8brn/best_cs_courses_to_take_for_the_certificate_if/
34,CS354 with Michael Doescher,"If anyone is thinking about taking this course with Michael, DON'T! He doesn't post stuff in a timely fashion and assigned us two projects in the two weeks of class, we usually get two weeks to do one project. On top of this he neglected to post one project, keep in mind projects are 55% of your grade. People have posted stuff on piazza and it seems as if the Michael and the TA's have been ignoring some posts. The TA's are trying their best, some more than others, but overall this class has been terrible. This has happened to previous sections of Doescher too. We need to do something about this because I do not wish this experience on any future students. Regardless of the difficulty of this course, this is no way to teach a course.",rebbu0,85,24,https://www.reddit.com/r/UWMadison/comments/rebbu0/cs354_with_michael_doescher/
35,CS240 in the Spring vs Fall,"I'm planning on taking 240 next semester with 354, but I'm hearing from people around me that it would be a wiser choice to take it in the Fall, which means I have two options, math 340 or CS540. 540 is closed, and 340 conflicts with the schedule I already have. How different is 240 in the Spring vs. Fall? Other than in the Spring, it's taught by the math department.",rc7jvj,6,3,https://www.reddit.com/r/UWMadison/comments/rc7jvj/cs240_in_the_spring_vs_fall/
36,CS 252 for Spring,"Is CS 300, CS 252, MATH 222, and two easy gen eds with less-than-average workload doable for Spring?",rbuyla,0,4,https://www.reddit.com/r/UWMadison/comments/rbuyla/cs_252_for_spring/
37,"In the unlikely chance I get off the waitlist for CS407 or CS540 next year, would they be too hard without CS400?","I‚Äôm a freshman enrolled in CS300 and CS252 next semester. I noticed that CS407 and CS540 both only require CS300 as a prerequisite.

I had 28 AP credits walking into Madison. By the time I‚Äôm done with the spring semester, I will have 58 credits (I took 15 credits each semester). But I know how brutal the waitlists are.

If I managed to somehow get off of the waitlist and be allowed to enroll in either of these classes, would they be too difficult without taking CS400 first?",r8uil3,3,4,https://www.reddit.com/r/UWMadison/comments/r8uil3/in_the_unlikely_chance_i_get_off_the_waitlist_for/
38,What are some good resources for preparing for CS 300 & Math 222? (attempting to get my life together :p),"Hey everyone! Long story short, I am technically a senior right now, but I spent the last 3 years with severe clinical depression. In addition, I switched from pre-med to CS, so I'm pretty much back at square one. 

I've been gradually getting better these past few months with the help of a new psychiatrist. I am only taking one course this semester (CS 252) to slowly ease myself back into college. After discussing with my psychiatrist and the CS advisors, we decided that I should only take CS 300 and Math 222 next semester because I'm not completely ready to take a full course load yet and I need to do well in these classes if I want to declare CS as my major.

That being said, I am going to need to do a lot of studying this winter break. I took CS 200 like 2 years ago in the summer and I don't remember anything. Also, I never took Math 221 because I got AP credits from high school, but that was a long time ago and I forgot everything as well. 

I did some of my own research and it seems like for Math, a YouTuber named **Professor Leonard** is recommended a lot. For Java, which is what CS 300 teaches, it looks like everyone recommends **The University of Helsinki's MOOC Java Programming** which is a free online course. *Do you agree that these are good resources that I should study over winter break, or do you recommend something else?*

Sorry for the long post. Thank you so much! :)",r8af7t,32,22,https://www.reddit.com/r/UWMadison/comments/r8af7t/what_are_some_good_resources_for_preparing_for_cs/
39,CS577 with a weak background in Discrete math,"I took discrete math over the summer at a community college 2 years ago , which was really simple/dumb down version compared to uw‚Äôs discrete math class, I am worried that with barely enough knowledge In discrete and the fact that it‚Äôs been 2 years since I‚Äôve taken the class, I won‚Äôt be able to pass 577. I am thinking about taking it over the summer so that I can focus just on that one class but I‚Äôm still unsure how well I‚Äôll do considering it‚Äôs a shortened time frame and I might have to re-learn discrete concepts while learning 577. I was wondering what experiences you guys have had and if anyone is coming from a similar background as me where they did not have a solid math 240 foundation?",r7xs72,10,3,https://www.reddit.com/r/UWMadison/comments/r7xs72/cs577_with_a_weak_background_in_discrete_math/
40,WTF is up with upper level CS this Spring?,"Apologies if this comes off as a rant. I'm currently a senior with 6 credits left to graduate (3 humanities and 3 CS elective credits). Unfortunately I got my course enrollment date mixed up with the date for juniors, so I started enrollment 2 days late. All of the classes I was planning for - 571 (UI), 564 (Databases), and 540 (AI) were full. Okay, that's fine, I thought, my fault for making a mistake on the enrollment date. 

However, when I looked for other classes, I noticed that there aren't remotely close to the normal number of classes being offered at all this semester. Did a bunch of profs retire or something?? 407 (mobile dev), 559 (graphics), and 532 (matrix ML) are all unavailable. To my knowledge 407 was already supposed to be a spring-only course? 

I emailed my advisor about the issue and the only class she could get me a spot in was 570 (HCI). No offense to anyone teaching that class, but I personally don't think that class would be particularly useful to my professional career. 

I've already gone through the most of the shitty experience that is undergrad CS at UW - the only ""useful"" (in the words of other people) classes I've taken being OS and Algos, both of which I had to mostly self teach or spend more time with TAs than going to lecture. It's extremely frustrating and disappointing that my last semester is looking like this so far.

I've considered not enrolling at all in the spring and just coming back next fall in the hope the department can get their shit together. I am of course job hunting, but I haven't accepted anything yet and I'm not doing that well interview-wise anyways. I don't really know what I should do; I'd rather not take some blow off classes when I already have the ability to have such a light semester.",r7k9et,44,16,https://www.reddit.com/r/UWMadison/comments/r7k9et/wtf_is_up_with_upper_level_cs_this_spring/
41,A rant about CS577 with Eric Bach,"This is gonna be a long winded rant, strap in.

1. The course website. If you weren't there on the first day and missed when he wrote the webpage on the board (incorrectly), then sorry! It's not on the canvas, which was made after the class started.
2. The lectures. I don't think I have referenced my notes once. I and many others I know have stopped showing up completely and it hasn't hindered my performance in the slightest. Going through examples of random algorithms, standing right in front of what you're writing in tiny letters that can't be read, and rambling about nonsense facts for minutes on end in what feels like .5x speed makes for the most dry, useless lecture I've ever had.

It also means that there is nearly nothing to study from for exams. The textbook examples are so easy they're completely useless. The TAs actively tell us not to study from our notes. The homework, which becomes the only thing I can use as a study reference, didn't have the answers released until the day before the midterm. Also - one of the solutions written by the professor was wrong, according to my TA. This forced me to start studying the day before the exam, for my hardest class. Nice!

3. Now for the BULK of this rant - the grading. Actually, what the fuck. For those who aren't in this class, the only homework that has been graded in full (all 3 questions) is homework 1. Homework 2, which was due October 6, only has 2/3 graded. Homework 3: 2/3 graded. Homework 4: 2/3 graded. Homework 5: 1/3 graded.(homework 4 and 5 have just been graded over the past 2 days, so those are just barely in). This means that it is almost 2 MONTHS since our homework 2 was due, and it STILL is not fully in.

Our midterm, which we had mid October, took over a month to go into the grade book. And when it started to go in, it was graded for about 1/4 of the class on one day, then was removed from the gradebook for them hours later. Then, another chunk of the class had their midterm grades released and those stayed up. For the majority of the class, we did not have our exams put in the grade book for another 4 days. After the drop deadline, which they promised to have them in by. Either way - over a month after the exam was taken.

Yes, I submitted my course evaluation, however I don't expect it to do much. I just hate this class.

tl/dr: the lectures are useless, there's nothing to study from, and the grading system is abysmal",r6vqd3,56,14,https://www.reddit.com/r/UWMadison/comments/r6vqd3/a_rant_about_cs577_with_eric_bach/
42,Transfering to CS,"Transfering to CS

Transfering to CS

Howdy,

I am a sophomore at UTSA(University of Texas at San Antonio) majoring in CS and have a 4.0 gpa. I also did a summer internship at Hewlett Packard and have personal projects. I know that it is extremley hard to transfer into CS major at UWMadison. Do you have any tips for me before I apply for the Fall

Thank you",r5a4xw,9,2,https://www.reddit.com/r/UWMadison/comments/r5a4xw/transfering_to_cs/
43,Transferring to Madison for CS,So I am currently a sophomore looking to transfer to Madison for CS. From everything Ive read it seems like most people who transfer to Madison for CS have around a 3.7 to 3.8 gpa. Im only at a 3.3 overall. But I have around a 3.5 for my CS gpa. Is it even worth me applying to transfer?,r56bn6,7,2,https://www.reddit.com/r/UWMadison/comments/r56bn6/transferring_to_madison_for_cs/
44,CS majors during enrollment:,,r53889,232,46,https://i.redd.it/y5q7w6sw3l281.jpg
45,CS 367/302 vs CS200/300/400,"Hey guys, I'm thinking of returning to UW next fall, and noticed that CS 302/367 have been replaced with CS 200/300/400. I have old credit in 302/367. Does anyone know how this will affect my prerequisites for future classes? Will I have to start over at CS 200? Tried emailing CS advising to schedule an advising appointment but they said they were too busy with enrollment.",r4ol3o,5,1,https://www.reddit.com/r/UWMadison/comments/r4ol3o/cs_367302_vs_cs200300400/
46,Sophmore CS schedule for next semester,"This is my current schedule for next semester

* CS354
* Math340
* LIS351
* Slavic 245
* Geoscience 110

16 credits 

How doable is this schedule? Mainly wondering how hard Math340 and CS354 will  be.",r3x6pq,4,3,https://www.reddit.com/r/UWMadison/comments/r3x6pq/sophmore_cs_schedule_for_next_semester/
47,CS 577/537 Registration,"I'm currently a sophomore majoring in CS. Initially I was hoping to take CS 577 (Algos)  this upcoming Spring semester, but now I'd settele for either 577 or 537 (OS). My registration time was a little later than some of my friends since I only took 13 credits this semester (burned out pretty bad freshman year) and I was waitlisted for both 577 and 537. I've gotten off the waitlist before for CS classes (CS300) when they opened up additional seats, and that was usually within a week or so. 
What are the chances of getting off the waitlist for either of those classes? Have they openes up additional sections for those classes before?",r3tzdh,6,4,https://www.reddit.com/r/UWMadison/comments/r3tzdh/cs_577537_registration/
48,How is Biochem 570 as a CS student,"Anyone taken Biochem 570 before? Currently in CS/BMI 576 this semester and I‚Äôm wondering if they‚Äôre similar. I have a basic knowledge of biochemistry from AP Bio 4 years ago, but there are no biochemistry prerequisites. The course description appeared interesting / adjacent to CS.",r3khfq,11,0,https://www.reddit.com/r/UWMadison/comments/r3khfq/how_is_biochem_570_as_a_cs_student/
49,CS 200 vs CS 220,"I‚Äôm currently deciding what CS class to take. I have no prior knowledge about anything CS, but my interests have spiked due to an opportunity to worth in the tech industry.

I know CS 220 is one more credit than CS 200, so I would be at 17 credits if I took CS 220 (Math 221, Chem 104, and Eng 100).

I had recommendations to take CS 220 from another post I did, so I‚Äôm curious what are your experiences with either.

I saw Andrew Kuemmel had really good rating a on RMP, and Meena Syamkumar had decent. Cole Nelson had none. Jim Williams (CS 200) had average ratings, but I was told some of those ratings are over exaggerating.",r33q66,8,9,https://www.reddit.com/r/UWMadison/comments/r33q66/cs_200_vs_cs_220/
50,Changing the major from Business to CS or double major in business+cs as business admitted?,"Hi,

I am a high school senior and applied to UW-Madison as Ealy Action for direct entry to Business. I feel I have a strong chance for that based on my profile. I tried to search it online but could not find that in case I want to change my major to CS after admission, is it possible or CS transfer is difficult? Also, how difficult to do a Business + CS as a double major if you get admitted as a business student?

Just curious, as I submitted my app in early action and the result will be out sometime in Feb, is it possible or advisable to reach to Admission Officer to change the major for my application from Business to CS?

Thanks!",r2i2zq,0,5,https://www.reddit.com/r/UWMadison/comments/r2i2zq/changing_the_major_from_business_to_cs_or_double/
51,Is there merit in picking CE over CS for enrollment reasons?,"Hi, I am a HS senior that applied to UW. Would majoring in CE make it easier for me to enroll in my core classes over CS. Also, I chose CS as my first choice major in the application so would I be able to change to CE through emailing admissions if I wanted to take CE or would I have to finish my first year at UW-Madison and transfer to the CoE?

Thank you in advance!",r20orn,16,17,https://www.reddit.com/r/UWMadison/comments/r20orn/is_there_merit_in_picking_ce_over_cs_for/
52,CS 564 Lecture recording,Does 564 do lecture recordings?,r1j7tb,11,1,https://www.reddit.com/r/UWMadison/comments/r1j7tb/cs_564_lecture_recording/
53,Anybody hear a constant whistling sound near the CS building?,"I live in the apartment right next to the CS building and just need to know whether others are hearing this, and if anyone knows where it might be coming from (???). Sounds a bit like a high-pitched swarming - boyfriend thought it might just be the wind but I‚Äôm not convinced‚Ä¶",r1fler,32,10,https://www.reddit.com/r/UWMadison/comments/r1fler/anybody_hear_a_constant_whistling_sound_near_the/
54,CS354 Instructors?,"For Spring 2022 the two instructors are Michael Doescher and Debra Deppeler, from the reviews I've read Michael seems to be the right pick but his section that I was intending on is already full (not surprising at all), and Debra's reviews are awful although they are ""COVID Reviews"", and her section is what would work with my schedule. Any new feedback on these two instructors?",r0wna0,6,8,https://www.reddit.com/r/UWMadison/comments/r0wna0/cs354_instructors/
55,CS Classes,"Does anyone know if they are releasing more CS classes? CS 400, CS 220, CS 320 and plenty of other intro classes are full or will probably be full by the time I am supposed to enroll. What am I supposed to do?",r03kij,5,4,https://www.reddit.com/r/UWMadison/comments/r03kij/cs_classes/
56,"CS majors, have any of you actually got off the waitlist before?","Even for 200\~400 level, major requirement classes, I never got off the waitlist before. And I had to always change my schedule.

I have seen some advice such as going to the class and talking to the professors but it really never worked out at all for me. Their response is always along the lines of ""I do not have any administration power over class enrollment"", and to be fair Im not upset at professors because they do not have any control over it

This is going to be my first 500 level course for my cs major and I was wondering if any of you have actually got off the waitlist before for 500 level courses. I have decided to email the professor but I got a similar response.",qzx33n,18,5,https://www.reddit.com/r/UWMadison/comments/qzx33n/cs_majors_have_any_of_you_actually_got_off_the/
57,Any CS classes left to sign up for?,"I'm a CS student who has completed CS 300, 400, 252, 240, and 354. In order to graduate, I need to complete 1 Theory course, 2 Software/Hardware courses, 1 Application course, and any 2 electives. What CS courses aren't filled up yet? I am very much in a panic because my sign up time is tommorow at 1pm, and I cannot find courses that are open.",qyh6r2,26,8,https://www.reddit.com/r/UWMadison/comments/qyh6r2/any_cs_classes_left_to_sign_up_for/
58,"CS 537 + CS 564 (Databases + OS), how much work is it?","Title sums it up. I know that the advisors generally recommend 1 theory + 1 project CS class, but from lurking around in discords it seems that Databases isn't a particularly heavy workload. I also plan on taking CS 710 (Graduate Computational Complexity) and something to satisfy gen-eds for my other 2 courses.",qygaek,11,6,https://www.reddit.com/r/UWMadison/comments/qygaek/cs_537_cs_564_databases_os_how_much_work_is_it/
59,CS 537 waitlist,What are the chances of getting off the waitlist for this class because this is a class I need to take?,qxobuo,7,2,https://www.reddit.com/r/UWMadison/comments/qxobuo/cs_537_waitlist/
60,CS537 vs CS564,"As an aspiring Full Stack dev, I am confused between OS and DBMS for my CS Hardware req. Which class will I learn more in for working on MERN projects after college?",qxnzqy,8,3,https://www.reddit.com/r/UWMadison/comments/qxnzqy/cs537_vs_cs564/
61,CS407,"Who are the peeps who snatch seats in CS407 a whole day before my enrollment? I'm starting to think CS407 is a fictional class whose sole purpose is to get students excited for enrollment but nothing more. I am very interested in App Dev and frankly, it feels a little ridiculous that I'll probably have to do a Udemy course on it instead of enrolling in a class offered by the institution I pay bookoo bucks to.",qx1mhk,20,10,https://www.reddit.com/r/UWMadison/comments/qx1mhk/cs407/
62,"CS Data science double major, taking CS354, CS320, Stat 240, and looking for a 4th class.","Will be sophomore spring, this is 11 credits so far and looking for a 4th class. Preferably CS/DS elective that has a practical workload with these other 3 classes. Thanks.",qwz6m1,7,4,https://www.reddit.com/r/UWMadison/comments/qwz6m1/cs_data_science_double_major_taking_cs354_cs320/
63,CS 571 instructional team,Anyone else in the class feel like the peer mentors are going above and beyond to help people and the rest of the instructional team is lacking? Maybe it's just a coincidence but personally it's only the peer mentors who have been helpful to me.,qwy95n,17,6,https://www.reddit.com/r/UWMadison/comments/qwy95n/cs_571_instructional_team/
64,CS ENROLLMENT IS GARBAGE,Why do i even try anymore,qwrat2,102,15,https://www.reddit.com/r/UWMadison/comments/qwrat2/cs_enrollment_is_garbage/
